ID;SMILES;Screening;Enzyme activity (%);pIC50;pEC50;pCC50;Crystal structure;;;;
H3D-003181;OC(=O)c1ccccc1NC(=O)CNc1ccccc1C(F)(F)F;VS;;6,040958608;5,886056648;4;;;;;
H3D-001915;OC(=O)c1ccccc1NC(=O)CNc1ccc(cc1)C(F)(F)F;VS;;5,619788758;5,508638306;4;;;;;
H3D-003186;OC(=O)c1ccccc1NC(=O)CNc1ccccc1OC(F)(F)F;VS;;5,585026652;5,619788758;4,000869459;;;;;
H3D-001919;OC(=O)c1ccccc1NC(=O)COc1ccc(cc1)Br;VS;;5,13076828;ND;ND;;;;;
H3D-002843;OC(=O)c1ccccc1NC(=O)CNc1ccc(cc1)F;VS;;5,113509275;ND;ND;;;;;
H3D-001700;OC(=O)c1ccccc1NC(=O)CCc1ccc(cc1)C(F)(F)F;VS;;5,022276395;ND;ND;;;;;
H3D-001719;OC(=O)c1ccccc1NC(=O)CNc1ccc(cc1)Br;VS;;4,863279433;ND;ND;;;;;
H3D-003213;OC(=O)c1ccccc1NC(=O)CNC1CCc2ccccc2C1;VS;;4,853871964;ND;ND;;;;;
H3D-003450;OC(=O)c1ccccc1NC(=O)CN1CCOc2ccccc21;VS;;4,522878745;ND;ND;;;;;
H3D-001733;OC(=O)c1ccccc1NC(=O)COc1ccc(nc1)Br;VS;;4,431798276;ND;ND;;;;;
H3D-003550;OC(=O)C1=C(CCCC1)NC(=O)CNc1ccc(cc1)Br;VS;;4,229147988;ND;ND;;;;;
H3D-003503;OC(=O)c1ccccc1NC(=O)CN1CCN(CC1)c1ccc(cn1)C(F)(F)F;VS;;4,200659451;ND;ND;;;;;
H3D-003502;OC(=O)c1ccccc1NC(=O)CN1CCN(CC1)c1ccc(cn1)Br;VS;;4,15490196;ND;ND;;;;;
H3D-003188;OC(=O)c1ccccc1NC(=O)CNCc1ccc(nc1)C(F)(F)F;VS;;3,841637508;ND;ND;;;;;
H3D-003549;OC(=O)C1=C(CCCC1)NC(=O)CNc1ccc(cc1)F;VS;;3,494850022;ND;ND;;;;;
H3D-003308;OC(=O)c1ccccc1NC(=O)N1CCN(CC1)c1ccc(cc1)F;VS;;3,468521083;ND;ND;;;;;
H3D-002856;O=C(CNc1c(F)cccc1F)Nc1ccccc1C(=O)[O-];VS;;5,534617149;5,408935393;ND;Y;;;;
H3D-003820;Nc1c(cnn1-c1ccc(cc1)F)C(=O)NCCc1ccncc1;VS;80;NA;NA;NA;;;;;
H3D-003512;OC(=O)c1cccc(c1O)NC(=O)CNc1ccc(cc1)F;VS;90;NA;NA;NA;;;;;
H3D-001682;OC(=O)c1ccc(cc1NC(=O)CCc1ccc(cc1)-c1ccc(cc1)Cl)F;VS;23;NA;NA;NA;;;;;
H3D-001697;CCOC(=O)c1ccccc1NC(=O)NCc1ccc(cc1)Br;VS;89;NA;NA;NA;;;;;
H3D-001699;CCOC(=O)c1ccccc1NC(=O)CCc1ccccc1Br;VS;50;NA;NA;NA;;;;;
H3D-002845;Oc1ccccc1NC(=O)CNc1ccc(cc1)Br;VS;100;NA;NA;NA;;;;;
H3D-000374;CC(C)(C)NC(=O)c1ccc(F)c(-c2ccc3ncc(-c4ccc(S(C)(=O)=O)cc4)n3n2)c1;VS;113;NA;NA;NA;;;;;
H3D-003130;O=C(C[NH+]1CCN(c2ccc(F)cc2)CC1)Nc1ccccc1C(=O)[O-];VS;80;NA;NA;NA;;;;;
H3D-003308;O=C([O-])c1ccccc1NC(=O)N1CCN(c2ccc(F)cc2)CC1;VS;71;NA;NA;NA;;;;;
H3D-005516;Cc1cc2nc(C(=O)NCCO)cc(-n3nccc3C)c2c(C)c1-c1ccc(CN2CCOC2=O)cc1;VS;105;NA;NA;NA;;;;;
H3D-006902;Cc1cc2nc(CO)cc(-n3nccc3C)c2c(C)c1-c1ccc(CN2CCOCC2)cc1;VS;104;NA;NA;NA;;;;;
H3D-008198;Cc1cc2nc(C(=O)NCC(=O)[O-])cc(-n3nccc3C)c2c(C)c1-c1ccncc1;VS;74;NA;NA;NA;;;;;
H3D-008521;Cc1cc2nc(C(=O)NCC(=O)[O-])cc(-c3ccccc3F)c2c(C)c1-c1ccncc1;VS;98;NA;NA;NA;;;;;
H3D-013381;CNC(=O)c1cc(-n2nccc2C)c2c(C)c(-c3ccc(CO[C@@H]4CCNC4=O)cc3)c(C)cc2n1;VS;83;NA;NA;NA;;;;;
H3D-005797;COCCn1ccc(-c2c(C)cc3nc(C(=O)NCC(=O)[O-])cc(-c4ccccc4F)c3c2C)cc1=O;VS;94;NA;NA;NA;;;;;
H3D-007277;Cc1cc2nc(C(=O)NCC(=O)[O-])cc(-n3nccc3C)c2c(C)c1-c1ccc(CN2CCOCC2)cc1;VS;99;NA;NA;NA;;;;;
H3D-008418;Cc1cc2nc(C(=O)NCC(=O)[O-])cc(-c3ccccc3F)c2c(C)c1-c1ccc(CN2CCOCC2)cc1;VS;98;NA;NA;NA;;;;;
LabMol-411;O=C(Nc1ccc2oc(-c3ccccc3F)nc2c1)c1ccc(Cl)c([N+](=O)[O-])c1;VS;82;NA;NA;NA;;;;;
LabMol-412;CC(C)Oc1ccccc1NC(=O)CSc1nnc(-c2cccc(F)c2)n1-c1ccccc1;VS;90;NA;NA;NA;;;;;
LabMol-413;COc1cccc(NC(=O)CN(c2ccccc2F)S(=O)(=O)c2ccc(C)cc2)c1;VS;52;NA;NA;NA;;;;;
LabMol-416;O=C(COc1ccccc1[N+](=O)[O-])Nc1ccc2oc(-c3ccccc3F)nc2c1;VS;89;NA;NA;NA;;;;;
LabMol-418;O=C(COc1ccc(Cl)cc1Cl)Nc1ccc2c(c1)C(=O)c1ccccc1C2=O;VS;98;NA;NA;NA;;;;;
LabMol-419;Cc1nn(-c2ccccc2)c(OC(=O)C(C)C)c1Sc1ccccc1[N+](=O)[O-];VS;76;NA;NA;NA;;;;;
LabMol-420;O=C(Nc1ccc2oc(-c3ccccc3Cl)nc2c1)c1ccc(N2CCCC2)c([N+](=O)[O-])c1;VS;75;NA;NA;NA;;;;;
LabMol-422;C=CCn1c(SCC(=O)Nc2ccc(Br)cc2F)nnc1-c1ccccc1Cl;VS;107;NA;NA;NA;;;;;
LabMol-423;C=CCn1c(SCC(=O)Nc2ccc(F)cc2F)nnc1-c1ccccc1O;VS;96;NA;NA;NA;;;;;
LabMol-424;C=CCn1c(SCC(=O)Nc2cc([N+](=O)[O-])ccc2C)nnc1-c1ccccc1Cl;VS;99;NA;NA;NA;;;;;
LabMol-425;C=CCn1c(SCC(=O)Nc2cc(C)c(C)cc2Br)nnc1-c1ccccc1Cl;VS;103;NA;NA;NA;;;;;
LabMol-426;C=CCn1c(SCC(=O)Nc2ccc(F)c(F)c2F)nnc1-c1ccccc1O;VS;48;NA;NA;NA;;;;;
LabMol-427;C=CCn1c(SCC(=O)Nc2cccc(OC)c2)nnc1-c1ccccc1F;VS;55;NA;NA;NA;;;;;
LabMol-428;C=CCn1c(SCC(=O)Nc2ccc(Br)c(Cl)c2)nnc1-c1ccccc1F;VS;40;NA;NA;NA;;;;;
LabMol-429;C=CCn1c(SCC(=O)Nc2ccc(Cl)cc2C)nnc1-c1ccccc1F;VS;95;NA;NA;NA;;;;;
LabMol-430;C=CCn1c(SCC(=O)Nc2ccc(OCC)cc2)nnc1-c1ccccc1F;VS;98;NA;NA;NA;;;;;
LabMol-432;C=CCn1c(SCC(=O)Nc2cccc(C(F)(F)F)c2)nnc1-c1ccccc1F;VS;75;NA;NA;NA;;;;;
LabMol-434;CCn1c(SCC(=O)Nc2ccc(Br)cc2C(C)C)nnc1-c1ccccc1F;VS;77;NA;NA;NA;;;;;
LabMol-435;C=CCn1c(SCC(=O)Nc2c(F)cc(F)cc2Br)nnc1-c1ccccc1F;VS;98;NA;NA;NA;;;;;
LabMol-436;C=CCn1c(SCC(=O)Nc2ccc(Br)cc2C(C)C)nnc1-c1ccccc1F;VS;99;NA;NA;NA;;;;;
LabMol-437;COC(=O)c1cc(OC)c(OC)cc1NC(=O)c1ccc(-c2ccccc2F)o1;VS;98;NA;NA;NA;;;;;
LabMol-438;CCCCn1c(C)cn2c3c(=O)n(Cc4ccccc4F)c(=O)n(C)c3nc12;VS;97;NA;NA;NA;;;;;
LabMol-439;Cn1c(=O)c2c(ncn2CC(=O)Nc2ccc3oc(-c4ccccc4F)nc3c2)n(C)c1=O;VS;60;NA;NA;NA;;;;;
LabMol-440;COc1ccc(S(=O)(=O)Nc2c(F)cccc2F)cc1C(=O)NC(C)C;VS;95;NA;NA;NA;;;;;
LabMol-441;COc1cc(F)ccc1-c1ccc(=O)n(CC(=O)Nc2cccc(SC)c2)n1;VS;70;NA;NA;NA;;;;;
LabMol-442;CCC(CC)C(=O)N1CCc2c(cnc(C)c2CNC(=O)c2ccccc2F)C1;VS;60;NA;NA;NA;;;;;
LabMol-443;CCCN1CCN(C(=O)c2cc(NC(C)=O)c3c(c2)nc(-c2ccccc2F)n3CC)CC1;VS;99;NA;NA;NA;;;;;
LabMol-444;CCn1c(-c2ccccc2F)nc2cc(NC(C)=O)cc(C(=O)NC(C)C)c21;VS;99;NA;NA;NA;;;;;
LabMol-445;CSc1cccc(NC(=O)c2cc(NCc3ccccc3F)cc(S(=O)(=O)N3CCCC3)c2)c1;VS;63;NA;NA;NA;;;;;
QHM-0000936;CCN(Cc1ccncc1)C(=O)c1cnn(-c2nccc(-c3ccccc3F)n2)c1C(C)C;Enzymatic;30,4;NA;NA;NA;;;;;
QHM-0000938;CCCN1CCN(C(=O)c2cnn(-c3nccc(-c4ccccc4F)n3)c2C2CC2)CC1;Enzymatic;33;NA;NA;NA;;;;;
QHM-0001039;Cc1ccc(C(=O)[O-])c(N2CCc3onc(-c4ccccc4F)c3C2)[nH+]1;Enzymatic;47,2;NA;NA;NA;;;;;
QHM-0001042;CCCN1CCN(C(=O)c2cnn(-c3nccc(-c4ccccc4F)n3)c2C)CC1;Enzymatic;;4,522878745;ND;ND;;;;;
QHM-0001041;COCc1c(C(=O)N2CCN(C(C)C)CC2)cnn1-c1nccc(-c2ccccc2F)n1;Enzymatic;;4,698970004;ND;ND;;;;;
QHM-0001040;CC(C)Cc1cc(C(=O)N2CCc3[nH]nc(-c4ccccc4F)c3C2)n(C)n1;Enzymatic;;4,920818754;6,397940009;ND;;;;;
QHM-0000990;O=C1C2=CC=CC=C2N=C(NC2=CC3=C(OCCO3)C=C2)N1;Enzymatic;;4,602059991;ND;ND;;;;;
QHM-0001062;O=C1NC(NC2=CC=C(C3=CC=CC=C3)C=C2)=NC2=CC=CC=C12;Enzymatic;50,5;ND;6,823908741;4,453457337;;;;;
QHM-0001063;O=C1NC(NC2=CC(C3=CC=CC=C3)=CC=C2)=NC2=CC=CC=C12;Enzymatic;;6,229147988;ND;ND;;;;;
QHM-0001060;CC(NC1=CC=C(C#CC2=CC([N+]([O-])=O)=C(N)C(N)=C2)C=C1)=O;Enzymatic;;4,148741651;ND;ND;;;;;
QHM-0001059;NC1=CC=C(C#CC2=CC=CC(N)=C2)C=C1;Enzymatic;60,3;NA;NA;NA;;;;;
QHM-0001015;C1=CC(C#CC2=CC=C3C(=C2)C(F)=NN3)=CC=C1NC(C)=O;Enzymatic;;4,769551079;ND;ND;Y;;;;
QHM-0001014;C1=CC(C#CC2=CC=C3C(=C2)C=NN3)=CC=C1NC(C)=O;Enzymatic;;5;ND;ND;Y;;;;
QHM-0001013;C1=CC(C#CC2=CC=C3C(=C2)N=CN3)=CC=C1NC(C)=O;Enzymatic;;4,602059991;ND;ND;;;;;
QHM-0001012;C1=CC(C#CC2=CC=C(N)C(N)=C2)=CC=C1NC(C)=O;Enzymatic;;5,301029996;ND;ND;Y;;;;
QHM-0000945;NC1=CC(C#CC2=CC=CC=C2C(N)=O)=CC=C1;Enzymatic;91,8;NA;NA;NA;;;;;
QHM-0000944;NC1=CC=C(C#CC2=CC=C(NC(C)=O)C=C2)C=C1;Enzymatic;;4,978810701;ND;ND;Y;;;;
QHM-0000931;O=C(OC)NC1=CC=C(C#CC2=CC=CC=C2)C=C1;Enzymatic;30;NA;NA;NA;;;;;
QHM-0000373;CS(=O)(=O)NC1=CC=CC(C#CC2=CC=CC([N+]([O-])=O)=C2)=C1;Enzymatic;82,7;NA;NA;NA;;;;;
QHM-0000372;NC1=CC=CC(C#CC2=CC=CC([N+]([O-])=O)=C2)=C1;Enzymatic;93,3;NA;NA;NA;;;;;
QHM-0000371;CC(=O)NC1=CC=C(C#CC2=CC(NS(C)(=O)=O)=CC=C2)C=C1;Enzymatic;90,7;NA;NA;NA;;;;;
QHM-0000370;CC(=O)NC1=CC=C(C#CC2=CC(N)=CC=C2)C=C1;Enzymatic;;5,721246399;1,7;ND;Y;;;;
QHM-0001077;CC(NC1=CC=C(C#CC2=CC(N)=C(N)C(N)=C2)C=C1)=O;Enzymatic;;3,982966661;ND;ND;;;;;
QHM-0000892;[O-][N+](=O)C1=CC=CC(C(=O)NCCC2=CNC3=C2C=CC=C3)=C1;Enzymatic;53;NA;NA;NA;;;;;
QHM-0000891;CS(=O)(=O)NC1=CC=CC(C(=O)NCCC2=CC=CC=C2)=C1;Enzymatic;129;NA;NA;NA;;;;;
QHM-0000890;NC1=CC(C(=O)NCC2=CC=C(Br)C=C2)=CC=C1;Enzymatic;125;NA;NA;NA;;;;;
QHM-0000889;NCC1=CC=C(C#N)C=C1;Enzymatic;115;NA;NA;NA;;;;;
QHM-0000886;CNC(=O)C1=CC(NS(C)(=O)=O)=CC=C1;Enzymatic;110;NA;NA;NA;;;;;
QHM-0000884;CS(=O)(=O)NC1=CC=CC(C(=O)NCC2CCCCC2)=C1;Enzymatic;88;NA;NA;NA;;;;;
QHM-0000883;[O-][N+](=O)C1=CC=CC(C(=O)C2C=NC3=C2C=CC=C3)=C1;Enzymatic;135;NA;NA;NA;;;;;
QHM-0000880;F[C@H]1CCN(C(=O)NC2=CC3=NC(C4=CC=C(F)C(F)=C4)=CN3C=N2)C1;Enzymatic;102;NA;NA;NA;;;;;
QHM-0000850;COC(=O)C1=CC=C([N+]([O-])=O)C=C1CBr;Enzymatic;125;NA;NA;NA;;;;;
QHM-0000836;CC1=CC2=NC(C3=CC=C(F)C(F)=C3)=CN2C(C)=C1;Enzymatic;129;NA;NA;NA;;;;;
QHM-0000828;CC1=CN2C(=NC(C3=CC=C(F)C(F)=C3)=C2CO)C=C1;Enzymatic;91;NA;NA;NA;;;;;
QHM-0000808;CC1=CC=C(C2=NNC3=C2C=CC=C3)C=C1;Enzymatic;142;NA;NA;NA;;;;;
QHM-0000805;NC1=CC=C2C(=O)N(CC3=CC=C(Br)C=C3)CC2=C1;Enzymatic;129;NA;NA;NA;;;;;
QHM-0000801;C1=NN(C2=CC=CC=N2)C2=CC=CC=C12;Enzymatic;115;NA;NA;NA;;;;;
QHM-0000798;IC1=NNC2=CC=CC=C12;Enzymatic;97;NA;NA;NA;;;;;
QHM-0000795;CCCCN(CC1=C(C2=CC=CC=N2)N=C2C=C(C)C=CN12)C1=CC=C(F)C=C1;Enzymatic;106;NA;NA;NA;;;;;
QHM-0000780;O=C1CC2=NC=CC=C2CN1;Enzymatic;78;NA;NA;NA;;;;;
QHM-0000771;[O-][N+](=O)C1=CC=C(CN2C=C(C3=CC=CC=C3)N=N2)C=C1;Enzymatic;63;NA;NA;NA;;;;;
QHM-0000770;NC1=CC(C2=CN(C3=CC=C([N+]([O-])=O)C=C3)N=N2)=CC=C1;Enzymatic;80;NA;NA;NA;;;;;
QHM-0000768;[O-][N+](=O)C1=CC=C(N2C=C(C3=CC=C(COCC4=CC=CC=C4)C=C3)N=N2)C=C1;Enzymatic;97;NA;NA;NA;;;;;
QHM-0000766;[O-][N+](=O)C1=CC(N2C=C(C3=CC=C(COCC4=CC=CC=C4)C=C3)N=N2)=CC=C1;Enzymatic;79;NA;NA;NA;;;;;
QHM-0000765;COC1=CC=C(C2=CN(C3=CC=CC([N+]([O-])=O)=C3)N=N2)C=C1;Enzymatic;76;NA;NA;NA;;;;;
QHM-0000760;NC1=CC(C2=CN(CC3=CC=CC([N+]([O-])=O)=C3)N=N2)=CC=C1;Enzymatic;91;NA;NA;NA;;;;;
QHM-0000751;FC1=CC=C(NC(=O)NC2=CC(N3C=NN=N3)=CC=C2)C=C1;Enzymatic;122;NA;NA;NA;;;;;
QHM-0000749;FC(F)(F)C1=CC=CC(NC(=O)NC2=CC(N3C=NN=N3)=CC=C2)=C1;Enzymatic;71;NA;NA;NA;;;;;
QHM-0000726;CC(C)=CCC1=C(O[Si](C)(C)C(C)(C)C)CC2=CC=CC=C2C1=O;Enzymatic;77;NA;NA;NA;;;;;
QHM-0000714;CC1=CC=C(CN2CC3=CC(N)=CC=C3C2=O)C=C1;Enzymatic;102;NA;NA;NA;;;;;
QHM-0000712;[O-][N+](C1=CC=C2C(=C1)CN(C1=CC=C(Cl)C(F)=C1)C2=O)=O;Enzymatic;77;NA;NA;NA;;;;;
QHM-0000707;NC1=CC=C2C(=O)N(CCN3CCOCC3)CC2=C1;Enzymatic;93;NA;NA;NA;;;;;
QHM-0000625;CC(C)(Cl)C1=CN=NN1CC1=CC=C([N+]([O-])=O)C=C1;Enzymatic;116;NA;NA;NA;;;;;
QHM-0000622;CC(C)(O)C1=CN=NN1CC1=CC=C([N+]([O-])=O)C=C1;Enzymatic;113;NA;NA;NA;;;;;
QHM-0000619;NC1=CC(C2=CN=NN2CC2=CC=C([N+]([O-])=O)C=C2)=CC=C1;Enzymatic;165;NA;NA;NA;;;;;
QHM-0000618;[O-][N+](=O)C1=CC(N2C=NN=N2)=C(Cl)C=C1;Enzymatic;149;NA;NA;NA;;;;;
QHM-0000586;CCCCN(CC1=C(C2=CC=CC=C2)N=C2C=CC(C)=CN12)C1=CC=CC(C(F)(F)F)=C1;Enzymatic;118;NA;NA;NA;;;;;
QHM-0000529;CC1=CN2C(CN3CCCC3)=C(C3=CC=CC=C3)N=C2C=C1;Enzymatic;107;NA;NA;NA;;;;;
QHM-0000516;NC1=CC2=NC(C3=CC=CC=C3)=CN2C=N1;Enzymatic;103;NA;NA;NA;;;;;
QHM-0000513;NC1=CC2=NC(C3=CC=C(F)C(F)=C3)=CN2C=N1;Enzymatic;105;NA;NA;NA;;;;;
QHM-0000491;CC1=CN2C=C(C3=CC=CC=C3)N=C2C=C1;Enzymatic;107;NA;NA;NA;;;;;
QHM-0000437;CS(=O)(=O)NC1=CC(N2C=NN=N2)=CC=C1;Enzymatic;113;NA;NA;NA;;;;;
QHM-0000417;NC1=CC2=NC(C3=CC=CC(C(F)(F)F)=C3)=CN2C=N1;Enzymatic;103;NA;NA;NA;;;;;
QHM-0000412;CC1=CC2=NC(C3=CC=CC=N3)=CN2C=C1;Enzymatic;93;NA;NA;NA;;;;;
QHM-0000378;CS(=O)(=O)NC1=CC=CC(C(=O)NCC2=CC=CC=C2)=C1;Enzymatic;102;NA;NA;NA;;;;;
QHM-0000376;NC1=CC=CC(C(=O)NCC2=CC=CC=C2)=C1;Enzymatic;106;NA;NA;NA;;;;;
QHM-0000326;[O-][N+](=O)C1=CC=CC(C2=NCCO2)=C1;Enzymatic;97;NA;NA;NA;;;;;
QHM-0000321;CS(=O)(=O)NC1=CC=CC(C2=NC3=C(N2)C=CC=C3)=C1;Enzymatic;106;NA;NA;NA;;;;;
QHM-0000298;OC1=C(N2CCN(C3=CC=C(Cl)C=C3)CC2)C(=O)C2=CC=CC=C2C1=O;Enzymatic;95;NA;NA;NA;;;;;
QHM-0000218;CCOC(=O)C1=C(C2=CC=C(C)C=C2)OC2=NC=CC=C12;Enzymatic;49;NA;NA;NA;;;;;
QHM-0000120;OC(CNCCCc1ccccc1)c1ccccc1;Enzymatic;128;NA;NA;NA;;;;;
QHM-0000119;OC(CNCCc1ccccc1)c1ccccc1;Enzymatic;118;NA;NA;NA;;;;;
QHM-0000118;OC(CNCc1ccccc1)c1ccccc1;Enzymatic;105;NA;NA;NA;;;;;
QHM-0000117;C(CCc1ccccc1)CN1CC1c1ccccc1;Enzymatic;117;NA;NA;NA;;;;;
QHM-0001050;ClC1=NC2=CC=CC=C2NC1=O;Enzymatic;88;NA;NA;NA;;;;;
QHM-0000939;O=C1C(NC2=CC=C(OC)C=C2)=NC2=CC=CC=C2N1;Enzymatic;64;NA;NA;NA;;;;;
QHM-0000940;O=C1C(NC2=CC=C(Cl)C=C2)=NC2=CC=CC=C2N1;Enzymatic;95;NA;NA;NA;;;;;
QHM-0000942;O=C1C(NC2=CC3=C(OCCO3)C=C2)=NC2=CC=CC=C2N1;Enzymatic;108,5;NA;NA;NA;;;;;
QHM-0000941;O=C1C(NC2=CC=C(F)C=C2)=NC2=CC=CC=C2N1;Enzymatic;98;NA;NA;NA;;;;;
QHM-0001051;O=C1NC(N2CCN(C3=CC=CC=C3)CC2)=NC2=CC=CC=C12;Enzymatic;115,15;NA;NA;NA;;;;;
QHM-0000933;OC1=NC(O)=NC2=CC=CC=C12;Enzymatic;121;NA;NA;NA;;;;;
QHM-0000001;CC(C)=CCC1=C(O)C(=O)C2=CC=CC=C2C1=O;Enzymatic;;7,113509275;5,823908741;4,173925197;Y;;;;
QHM-0000011;OC1=C(NC2=CC=CC=C2Cl)C(=O)C2=C(C=CC=C2)C1=O;Enzymatic;;6,698970004;5,638272164;4,113509275;;;;;
QHM-0000020;CC(C)CCC1=C(O)C(=O)C2=C(C=CC=C2)C1=O;Enzymatic;;6,498940738;5,744727495;4,124938737;;;;;
QHM-0000034;OC1=C(NC2=CC=C(Cl)C=C2)C(=O)C2=C(C=CC=C2)C1=O;Enzymatic;;6,019996628;ND;ND;;;;;
QHM-0000110;OC1=C(Nc2cccc(C(F)(F)F)c2)C(=O)c2ccccc2C1=O;Enzymatic;;6,627087997;5,823908741;4,318758763;;;;;
QHM-0000230;OC1=C(NC2=CC=C(F)C=C2)C(=O)C2=CC=CC=C2C1=O;Enzymatic;;5,711750774;5,920818754;5,920818754;;;;;
A1;NCC1CCCCO1;Crystallographic;ND;ND;ND;ND;;;;;
A2;C1CC1c1cscn1;Crystallographic;ND;ND;ND;ND;;;;;
A3;OCc1cccc(Cl)c1;Crystallographic;ND;ND;ND;ND;;;;;
A4;Nc1cccc(n1)C(F)(F)F;Crystallographic;ND;ND;ND;ND;;;;;
A5;Oc1cccc2CCCc12;Crystallographic;ND;ND;ND;ND;;;;;
A6;CSc1nccnn1;Crystallographic;ND;ND;ND;ND;;;;;
A7;Nc1ncccc1CO;Crystallographic;ND;ND;ND;ND;;;;;
A8;OC(=O)C1CCCOC1;Crystallographic;ND;ND;ND;ND;;;;;
A9;Nc1nsc2ncccc12;Crystallographic;ND;ND;ND;ND;;;;;
A10;OCCc1ccccn1;Crystallographic;ND;ND;ND;ND;;;;;
A11;CCOc1ccnc(F)c1;Crystallographic;ND;ND;ND;ND;;;;;
A12;CC(C)c1noc(O)n1;Crystallographic;ND;ND;ND;ND;Y;;;;
B1;NC(=O)c1cccnc1;Crystallographic;ND;ND;ND;ND;Y;;;;
B2;C1CNCc2ccccc12;Crystallographic;ND;ND;ND;ND;;;;;
B3;CCC(N)c1ccccc1O;Crystallographic;ND;ND;ND;ND;;;;;
B4;COc1ccccc1C(N)C#N;Crystallographic;ND;ND;ND;ND;;;;;
B5;CC(=O)c1ccccc1C(=O)O;Crystallographic;ND;ND;ND;ND;;;;;
B6;CC(O)c1ccc(cc1)[N+](=O)[O-];Crystallographic;ND;ND;ND;ND;;;;;
B7;CCN(CC)c1cccc(NC(=O)C)c1;Crystallographic;ND;ND;ND;ND;Y;;;;
B8;CCOC(=O)N1Cc2ccncc2C1;Crystallographic;ND;ND;ND;ND;;;;;
B9;c1cc(c(cc1CON)Cl)Cl;Crystallographic;ND;ND;ND;ND;Y;;;;
B10;B(c1ccccc1)(O)O;Crystallographic;ND;ND;ND;ND;;;;;
B11;Oc1ccc(cc1)C(F)(F)F;Crystallographic;ND;ND;ND;ND;;;;;
B12;c1c(cncc1C(F)(F)F)C#N;Crystallographic;ND;ND;ND;ND;;;;;
C1;Nc1cc(ccc1Cl)C(F)(F)F;Crystallographic;ND;ND;ND;ND;;;;;
C2;COc1c(F)c(F)cc(C(=O)O)c1F;Crystallographic;ND;ND;ND;ND;Y;;;;
C3;COc1cc(Cl)nc(SC)n1;Crystallographic;ND;ND;ND;ND;;;;;
C4;COc1ccnc(NN)n1;Crystallographic;ND;ND;ND;ND;;;;;
C5;COc1cc(CN)ccn1;Crystallographic;ND;ND;ND;ND;;;;;
C6;CC(=O)Nc1ccc(C)c(Cl)c1;Crystallographic;ND;ND;ND;ND;;;;;
C7;C1CC(=O)Nc2ccccc12;Crystallographic;ND;ND;ND;ND;;;;;
C8;CN1C(O)c2ccccc2C1=O;Crystallographic;ND;ND;ND;ND;Y;;;;
C9;COc1ccc2OCCNc2c1;Crystallographic;ND;ND;ND;ND;;;;;
C10;NC(=S)c1ccc2OCOc2c1;Crystallographic;ND;ND;ND;ND;;;;;
C11;CCN(CCC(=O)O)C(=O)c1cccs1;Crystallographic;ND;ND;ND;ND;;;;;
C12;CN(Cc1ccco1)c1cc(Cl)nc(N)n1;Crystallographic;ND;ND;ND;ND;;;;;
D1;Cc1csc(Cc2ccccn2)n1;Crystallographic;ND;ND;ND;ND;;;;;
D2;CCCS(=O)(=O)Nc1cc(N)c(F)cc1F;Crystallographic;ND;ND;ND;ND;Y;;;;
D3;CN1CCC(CC1)NC(=O)OC(C)(C)C;Crystallographic;ND;ND;ND;ND;;;;;
D4;COC(=O)C(N)Cc1ccc(F)cc1;Crystallographic;ND;ND;ND;ND;;;;;
D5;CC(C)(C)OC(=O)NCc1ncccc1F;Crystallographic;ND;ND;ND;ND;;;;;
D6;COc1cccc(c1)C(=O)N1CCCC1;Crystallographic;ND;ND;ND;ND;Y;;;;
D7;Fc1ccccc1S(=O)(=O)NCc1ccco1;Crystallographic;ND;ND;ND;ND;;;;;
D8;CN(C)C(=O)N(C)C1CCS(=O)(=O)C1;Crystallographic;ND;ND;ND;ND;Y;;;;
D9;COC(=O)c1cc(ccc1)Br;Crystallographic;ND;ND;ND;ND;;;;;
D10;Cc1ccc(cc1)NC(C)(C)C(=O)O;Crystallographic;ND;ND;ND;ND;;;;;
D11;OC(=O)CCc1nccs1;Crystallographic;ND;ND;ND;ND;;;;;
D12;CCN(CCO)c1cc(OC)ncn1;Crystallographic;ND;ND;ND;ND;Y;;;;
E1;COC(=O)c1cccc(N)c1O;Crystallographic;ND;ND;ND;ND;;;;;
E2;COC(=O)C1CCCCN1;Crystallographic;ND;ND;ND;ND;;;;;
E3;O=C1CCN(C(=O)N1)c1ccccc1;Crystallographic;ND;ND;ND;ND;;;;;
E4;Nc1cc(no1)c1ccccc1;Crystallographic;ND;ND;ND;ND;;;;;
E5;Cc1ccccc1CC(=O)N;Crystallographic;ND;ND;ND;ND;;;;;
E6;OC1CC2CCC(C1)N2Cc1ccccc1;Crystallographic;ND;ND;ND;ND;Y;;;;
E7;CN1CCCc2cc(CN)ccc12;Crystallographic;ND;ND;ND;ND;Y;;;;
E8;COCCc1nnc(N)o1;Crystallographic;ND;ND;ND;ND;;;;;
E9;COC(=O)Cc1ccc(OC)cc1OC;Crystallographic;ND;ND;ND;ND;;;;;
E10;CC(=O)Nc1c(cc(cc1)F)[N+](=O)[O-];Crystallographic;ND;ND;ND;ND;;;;;
E11;OCc1cnc(s1)N1CCOCC1;Crystallographic;ND;ND;ND;ND;;;;;
E12;Cn1c2ccc(N)cc2oc1=O;Crystallographic;ND;ND;ND;ND;;;;;
F1;COCn1c2ccccc2nn1;Crystallographic;ND;ND;ND;ND;;;;;
F2;CCOC(=O)c1c[nH]nc1C(F)(F)F;Crystallographic;ND;ND;ND;ND;;;;;
F3;COCCOCC(=O)Nc1cccc(F)c1;Crystallographic;ND;ND;ND;ND;Y;;;;
F4;Cc1cc(CNCCS(=O)(=O)C)ccc1Br;Crystallographic;ND;ND;ND;ND;;;;;
F5;NCCNc1ccccc1;Crystallographic;ND;ND;ND;ND;;;;;
F6;CC(C)(C)NC(=O)C1CCCCN1;Crystallographic;ND;ND;ND;ND;;;;;
F7;CC(C)(C)OC(=O)c1cc(ncc1)Cl;Crystallographic;ND;ND;ND;ND;;;;;
F8;CNCc1ccc(O)cc1;Crystallographic;ND;ND;ND;ND;;;;;
F9;Oc1ccc(cc1)c1ccccn1;Crystallographic;ND;ND;ND;ND;;;;;
F10;CC(N)c1ccc(OCC2CC2)c(F)c1;Crystallographic;ND;ND;ND;ND;;;;;
F11;FS(=O)(=O)c1ccc(cc1)CCN;Crystallographic;ND;ND;ND;ND;;;;;
F12;CC(C)NCc1ccc(nc1)N1CCCC1C;Crystallographic;ND;ND;ND;ND;;;;;
G1;COC(=O)c1ccc2nccnc2c1;Crystallographic;ND;ND;ND;ND;;;;;
G2;COC(=O)COc1cccc(CN)c1;Crystallographic;ND;ND;ND;ND;;;;;
G3;CCOc1cccc(c1)C(=N)N;Crystallographic;ND;ND;ND;ND;;;;;
G4;COc1ccc(NC(=O)C)cc1;Crystallographic;ND;ND;ND;ND;Y;;;;
G5;CC(C)NC(=O)Nc1ccccc1;Crystallographic;ND;ND;ND;ND;;;;;
G6;OC(=O)CNCc1cccc(F)c1;Crystallographic;ND;ND;ND;ND;;;;;
G7;Cn1cnnc1SCC(=O)O;Crystallographic;ND;ND;ND;ND;;;;;
G8;CCNC(=O)CSc1nnc(o1)C(C)C;Crystallographic;ND;ND;ND;ND;Y;;;;
G9;CC(=O)NC(CCc1ccccc1)C(=O)O;Crystallographic;ND;ND;ND;ND;Y;;;;
G10;Clc1nnnn1c1ccccc1;Crystallographic;ND;ND;ND;ND;;;;;
G11;CC(=O)Nc1cccc(CO)c1;Crystallographic;ND;ND;ND;ND;;;;;
G12;O=C(N/N=C/c1cccs1)C1CC1;Crystallographic;ND;ND;ND;ND;Y;;;;
H1;CCN(CC)CCOc1ccc(cc1)[N+](=O)[O-];Crystallographic;ND;ND;ND;ND;;;;;
H2;O=C(CCC1CCCC1)N1CCNCC1;Crystallographic;ND;ND;ND;ND;;;;;
H3;CC(N(C)C(=O)OCc1ccccc1)C(=O)O;Crystallographic;ND;ND;ND;ND;;;;;
H4;O=C(NCC#N)OCc1ccccc1;Crystallographic;ND;ND;ND;ND;;;;;
H5;Cc1cc(NCc2cccnc2)nc(N)n1;Crystallographic;ND;ND;ND;ND;;;;;
H6;CCOC(=O)/C=C/c1ccc(N)cc1;Crystallographic;ND;ND;ND;ND;;;;;
H7;Oc1ccc(NC(=O)Cn2cccn2)cc1;Crystallographic;ND;ND;ND;ND;Y;;;;
H8;CN(Cc1cnn(C)c1)C(=O)C1CCC=CC1;Crystallographic;ND;ND;ND;ND;Y;;;;
H9;FC(N1CN(F)C=N1)C(=O)c1ccccc1;Crystallographic;ND;ND;ND;ND;;;;;
H10;CC(NCCn1cccn1)c1ccc(F)cc1;Crystallographic;ND;ND;ND;ND;;;;;
H11;O=C(NCC1CCCO1)NC1CCCC1;Crystallographic;ND;ND;ND;ND;;;;;
H12;c1csc(c1)CCNC(=O)c1ccncc1;Crystallographic;ND;ND;ND;ND;;;;;
2A;FC1=CC=C(N=C(C2=CC=CC=C2)C=C3C(O)=O)C3=C1;VS - Target fishing;2;5,714442691;ND;ND;Y;;;;
2B;FC1=CC=C(N=C(C2=CC=C(C)C=C2)C=C3C(O)=O)C3=C1;VS - Target fishing;0,42;5,769551079;ND;ND;Y;;;;
2C;FC1=CC=C(N=C(C2=CC=CC=C2C)C=C3C(O)=O)C3=C1;VS - Target fishing;5,9;5,823908741;ND;ND;Y;;;;
2D;FC1=CC=C(N=C(C2=CC=C(C3=CC=CC=C3)C=C2)C=C4C(O)=O)C4=C1;VS - Target fishing;2;7,568636236;ND;ND;Y;;;;
2E;FC1=CC=C(N=C(C2=CC=C(C=CC=C3)C3=C2)C=C4C(O)=O)C4=C1;VS - Target fishing;1,3;6,337242168;ND;ND;Y;;;;
2F;FC1=CC=C(N=C(C2=CC=C(F)C=C2)C=C3C(O)=O)C3=C1;VS - Target fishing;1,2;6,036212173;ND;ND;Y;;;;
2H;FC1=CC=C(N=C(C2=CC=C(O)C=C2)C=C3C(O)=O)C3=C1;VS - Target fishing;4,4;5,050609993;ND;ND;;;;;
2I;FC1=CC=C(N=C(C2=CC=CC(O)=C2)C=C3C(O)=O)C3=C1;VS - Target fishing;8,62;4,769551079;ND;ND;;;;;
2J;FC1=CC=C(N=C(C2=CC=C(OC)C=C2)C=C3C(O)=O)C3=C1;VS - Target fishing;0,8;5,943095149;ND;ND;Y;;;;
2K;FC1=CC=C(N=C(C2=CC(OCO3)=C3C=C2)C=C4C(O)=O)C4=C1;VS - Target fishing;1,3;5,568636236;ND;ND;Y;;;;
Brequinar;Cc1c(nc2ccc(F)cc2c1C([O-])=O)-c3ccc(cc3)-c4ccccc4F;;;;;;;;;;
Teriflunomida;O=C(NC1=CC=C(C=C1)C(F)(F)F)/C(C#N)=C(C)\O;;;;;;;;;;
